{"cameraMode":{"drawMode":0,"name":"Shaded","section":"Shading Mode"},"sceneLighting":true,"audioPlay":false,"sceneViewState":{"m_AlwaysRefresh":false,"showFog":true,"showSkybox":true,"showFlares":true,"showImageEffects":true,"showParticleSystems":true,"showVisualEffectGraphs":true,"m_FxEnabled":true},"in2DMode":false,"pivot":{"x":294.8215637207031,"y":1.9299900531768799,"z":127.7044906616211},"rotation":{"x":-0.1413508504629135,"y":-0.031765490770339969,"z":0.004535582847893238,"w":-0.9894476532936096},"size":3.927826166152954,"orthographic":false}